case_id,alert_class,verdict,closed_at
DT-IT-0002,impossible_travel,FP,2026-08-03T16:02:32Z
DT-IT-0001,impossible_travel,Closed - Benign,2026-08-04T00:51:58Z
DT-OC-0002,oauth_consent,Closed - Benign,2026-08-04T02:31:05Z
DT-IT-0003,impossible_travel,Closed - Benign,2026-08-04T03:41:31Z
DT-OC-0001,oauth_consent,Malicious,2026-08-04T05:26:40Z
DT-IT-0004,impossible_travel,TP,2026-08-04T06:54:31Z
DT-OC-0004,oauth_consent,Closed - Benign,2026-08-05T08:44:02Z
DT-OC-0003,oauth_consent,Closed - Benign,2026-08-05T11:15:27Z
DT-IT-0008,impossible_travel,Closed - Benign,2026-08-05T13:28:22Z
DT-IT-0005,impossible_travel,FP,2026-08-05T14:10:27Z
DT-IT-0007,impossible_travel,Closed - Benign,2026-08-05T22:20:46Z
DT-IT-0006,impossible_travel,Closed - Benign,2026-08-06T06:41:44Z
DT-OC-0005,oauth_consent,Closed - Benign,2026-08-06T07:57:53Z
DT-OC-0006,oauth_consent,TP,2026-08-06T11:03:25Z
DT-IT-0009,impossible_travel,Closed - Benign,2026-08-06T22:32:11Z
DT-OC-0010,oauth_consent,FP,2026-08-07T08:16:28Z
DT-OC-0007,oauth_consent,TP,2026-08-07T11:41:35Z
DT-OC-0008,oauth_consent,FP,2026-08-07T23:40:08Z
DT-OC-0009,oauth_consent,FP,2026-08-08T02:23:17Z
DT-IT-0010,impossible_travel,Closed - Benign,2026-08-08T09:09:16Z
DT-IT-0011,impossible_travel,FP,2026-08-08T14:14:38Z
DT-OC-0012,oauth_consent,Closed - Benign,2026-08-08T15:12:22Z
DT-OC-0011,oauth_consent,Closed - Benign,2026-08-08T19:51:09Z
DT-IT-0014,impossible_travel,TP,2026-08-08T21:10:23Z
DT-IT-0012,impossible_travel,Closed - Benign,2026-08-09T00:15:18Z
DT-IT-0013,impossible_travel,TP,2026-08-09T06:12:03Z
DT-OC-0014,oauth_consent,Closed - Benign,2026-08-09T06:47:29Z
DT-OC-0013,oauth_consent,Closed - Benign,2026-08-09T08:08:05Z
DT-IT-0016,impossible_travel,Closed - Benign,2026-08-09T09:38:02Z
DT-IT-0017,impossible_travel,Closed - Benign,2026-08-09T22:16:23Z
DT-IT-0015,impossible_travel,FP,2026-08-10T01:36:40Z
DT-IT-0018,impossible_travel,TP,2026-08-10T18:34:16Z
DT-OC-0016,oauth_consent,FP,2026-08-11T01:54:51Z
DT-OC-0015,oauth_consent,FP,2026-08-11T08:25:51Z
DT-OC-0017,oauth_consent,TP,2026-08-11T15:17:24Z
DT-IT-0019,impossible_travel,Closed - Benign,2026-08-11T19:51:59Z
DT-IT-0020,impossible_travel,Closed - Benign,2026-08-11T20:27:22Z
DT-OC-0019,oauth_consent,Closed - Benign,2026-08-11T20:34:46Z
DT-OC-0020,oauth_consent,Closed - Benign,2026-08-12T03:17:59Z
DT-OC-0018,oauth_consent,Closed - Benign,2026-08-12T04:44:39Z
DT-IT-0021,impossible_travel,TP,2026-08-12T06:56:15Z
DT-OC-0021,oauth_consent,Closed - Benign,2026-08-12T10:04:37Z
DT-IT-0026,impossible_travel,FP,2026-08-12T15:31:40Z
DT-IT-0027,impossible_travel,FP,2026-08-12T15:37:22Z
DT-IT-0025,impossible_travel,FP,2026-08-12T17:03:40Z
DT-IT-0024,impossible_travel,FP,2026-08-12T22:36:09Z
DT-IT-0022,impossible_travel,Closed - Benign,2026-08-12T22:36:35Z
DT-IT-0023,impossible_travel,FP,2026-08-13T02:06:28Z
DT-OC-0023,oauth_consent,Closed - Benign,2026-08-13T03:31:02Z
DT-OC-0022,oauth_consent,Closed - Benign,2026-08-13T06:31:15Z
DT-OC-0024,oauth_consent,Closed - Benign,2026-08-13T09:18:06Z
DT-IT-0029,impossible_travel,FP,2026-08-13T12:34:13Z
DT-IT-0028,impossible_travel,FP,2026-08-13T15:40:57Z
DT-IT-0031,impossible_travel,TP,2026-08-13T16:35:37Z
DT-IT-0030,impossible_travel,Closed - Benign,2026-08-14T01:26:44Z
DT-OC-0025,oauth_consent,Closed - Benign,2026-08-14T07:01:50Z
DT-OC-0026,oauth_consent,Malicious,2026-08-15T08:41:52Z
DT-OC-0028,oauth_consent,TP,2026-08-15T18:40:22Z
DT-IT-0032,impossible_travel,FP,2026-08-16T06:29:25Z
DT-OC-0030,oauth_consent,Malicious,2026-08-16T09:25:12Z
DT-OC-0029,oauth_consent,Closed - Benign,2026-08-16T13:28:46Z
DT-IT-0033,impossible_travel,FP,2026-08-16T16:57:52Z
DT-OC-0027,oauth_consent,TP,2026-08-17T01:27:56Z
DT-IT-0036,impossible_travel,FP,2026-08-17T04:23:58Z
DT-IT-0034,impossible_travel,Closed - Benign,2026-08-17T07:09:15Z
DT-OC-0031,oauth_consent,FP,2026-08-17T09:06:41Z
DT-IT-0037,impossible_travel,FP,2026-08-17T13:42:31Z
DT-IT-0038,impossible_travel,Closed - Benign,2026-08-17T18:11:35Z
DT-IT-0035,impossible_travel,Closed - Benign,2026-08-17T19:21:57Z
DT-OC-0032,oauth_consent,Closed - Benign,2026-08-17T22:20:06Z
DT-IT-0041,impossible_travel,FP,2026-08-18T16:16:58Z
DT-OC-0033,oauth_consent,FP,2026-08-18T18:02:03Z
DT-OC-0034,oauth_consent,FP,2026-08-18T23:15:04Z
DT-IT-0040,impossible_travel,Closed - Benign,2026-08-19T03:17:09Z
DT-OC-0035,oauth_consent,Closed - Benign,2026-08-19T05:57:33Z
DT-IT-0039,impossible_travel,Closed - Benign,2026-08-19T08:36:51Z
DT-IT-0043,impossible_travel,TP,2026-08-19T11:16:44Z
DT-IT-0042,impossible_travel,FP,2026-08-19T16:21:07Z
DT-OC-0039,oauth_consent,TP,2026-08-19T23:11:06Z
DT-OC-0038,oauth_consent,Closed - Benign,2026-08-20T01:13:59Z
DT-OC-0040,oauth_consent,FP,2026-08-20T07:30:00Z
DT-IT-0045,impossible_travel,Closed - Benign,2026-08-20T12:50:54Z
DT-OC-0036,oauth_consent,TP,2026-08-20T16:01:34Z
DT-OC-0041,oauth_consent,Closed - Benign,2026-08-20T19:06:52Z
DT-OC-0037,oauth_consent,Closed - Benign,2026-08-20T19:57:41Z
DT-IT-0044,impossible_travel,TP,2026-08-20T20:14:29Z
DT-OC-0042,oauth_consent,Closed - Benign,2026-08-21T06:37:40Z
DT-IT-0046,impossible_travel,FP,2026-08-22T03:55:16Z
DT-OC-0043,oauth_consent,FP,2026-08-22T04:15:12Z
DT-IT-0047,impossible_travel,Closed - Benign,2026-08-22T05:46:21Z
DT-IT-0049,impossible_travel,TP,2026-08-22T09:35:38Z
DT-IT-0051,impossible_travel,Closed - Benign,2026-08-22T12:49:51Z
DT-IT-0048,impossible_travel,Closed - Benign,2026-08-22T15:35:58Z
DT-IT-0050,impossible_travel,TP,2026-08-23T01:06:17Z
DT-OC-0044,oauth_consent,Closed - Benign,2026-08-23T03:19:23Z
DT-IT-0053,impossible_travel,Closed - Benign,2026-08-23T09:52:40Z
DT-IT-0052,impossible_travel,Malicious,2026-08-23T10:21:34Z
DT-OC-0045,oauth_consent,Closed - Benign,2026-08-23T10:54:53Z
DT-OC-0046,oauth_consent,Closed - Benign,2026-08-23T12:30:00Z
DT-IT-0054,impossible_travel,FP,2026-08-24T11:13:28Z
DT-IT-0055,impossible_travel,Closed - Benign,2026-08-24T22:39:47Z
DT-IT-0057,impossible_travel,FP,2026-08-25T04:51:40Z
DT-OC-0047,oauth_consent,Closed - Benign,2026-08-25T08:33:30Z
DT-IT-0056,impossible_travel,FP,2026-08-25T15:00:39Z
DT-OC-0049,oauth_consent,Closed - Benign,2026-08-26T02:23:52Z
DT-OC-0048,oauth_consent,FP,2026-08-26T08:32:01Z
DT-OC-0051,oauth_consent,Closed - Benign,2026-08-26T11:37:03Z
DT-IT-0058,impossible_travel,FP,2026-08-26T17:57:43Z
DT-OC-0050,oauth_consent,Closed - Benign,2026-08-26T23:17:03Z
DT-IT-0059,impossible_travel,Closed - Benign,2026-08-27T03:55:36Z
DT-IT-0061,impossible_travel,Closed - Benign,2026-08-27T11:35:00Z
DT-OC-0053,oauth_consent,Closed - Benign,2026-08-27T14:00:27Z
DT-OC-0052,oauth_consent,FP,2026-08-27T21:16:48Z
DT-IT-0060,impossible_travel,Closed - Benign,2026-08-27T22:11:35Z
DT-IT-0063,impossible_travel,FP,2026-08-28T20:24:16Z
DT-IT-0062,impossible_travel,Closed - Benign,2026-08-28T20:50:09Z
DT-OC-0055,oauth_consent,FP,2026-08-28T21:05:43Z
DT-OC-0054,oauth_consent,Closed - Benign,2026-08-29T07:17:21Z
DT-IT-0064,impossible_travel,FP,2026-08-29T13:43:38Z
DT-IT-0065,impossible_travel,FP,2026-08-29T14:47:45Z
DT-OC-0057,oauth_consent,FP,2026-08-29T20:01:18Z
DT-IT-0067,impossible_travel,FP,2026-08-29T22:29:14Z
DT-OC-0056,oauth_consent,Malicious,2026-08-30T00:43:40Z
DT-IT-0066,impossible_travel,Closed - Benign,2026-08-30T08:30:34Z
DT-IT-0068,impossible_travel,FP,2026-08-30T11:21:55Z
DT-IT-0069,impossible_travel,FP,2026-08-30T19:43:02Z
DT-IT-0070,impossible_travel,Malicious,2026-08-31T04:12:24Z
DT-IT-0072,impossible_travel,FP,2026-08-31T06:13:36Z
DT-OC-0058,oauth_consent,Closed - Benign,2026-08-31T06:58:54Z
DT-IT-0071,impossible_travel,FP,2026-08-31T13:13:36Z
DT-OC-0059,oauth_consent,Closed - Benign,2026-08-31T22:25:04Z
DT-OC-0062,oauth_consent,TP,2026-09-01T03:39:02Z
DT-IT-0075,impossible_travel,FP,2026-09-01T14:26:01Z
DT-OC-0060,oauth_consent,Closed - Benign,2026-09-01T15:12:12Z
DT-OC-0061,oauth_consent,Closed - Benign,2026-09-01T17:48:11Z
DT-IT-0074,impossible_travel,Closed - Benign,2026-09-02T01:18:15Z
DT-OC-0063,oauth_consent,Closed - Benign,2026-09-02T12:09:07Z
DT-IT-0073,impossible_travel,TP,2026-09-02T14:00:49Z
DT-OC-0065,oauth_consent,FP,2026-09-02T14:13:35Z
DT-OC-0064,oauth_consent,Closed - Benign,2026-09-02T18:08:58Z
DT-OC-0066,oauth_consent,FP,2026-09-03T00:49:35Z
DT-IT-0076,impossible_travel,Malicious,2026-09-03T07:35:36Z
DT-OC-0068,oauth_consent,TP,2026-09-03T15:59:08Z
DT-IT-0077,impossible_travel,FP,2026-09-03T17:28:03Z
DT-OC-0069,oauth_consent,Closed - Benign,2026-09-04T20:19:21Z
DT-OC-0067,oauth_consent,FP,2026-09-04T20:27:59Z
DT-IT-0078,impossible_travel,FP,2026-09-04T23:58:12Z
DT-IT-0079,impossible_travel,Closed - Benign,2026-09-05T01:32:16Z
DT-OC-0072,oauth_consent,Closed - Benign,2026-09-05T15:48:07Z
DT-IT-0080,impossible_travel,Closed - Benign,2026-09-05T18:58:42Z
DT-IT-0084,impossible_travel,FP,2026-09-05T21:34:06Z
DT-IT-0086,impossible_travel,FP,2026-09-05T21:48:15Z
DT-IT-0088,impossible_travel,Closed - Benign,2026-09-05T21:49:40Z
DT-IT-0083,impossible_travel,FP,2026-09-06T00:49:16Z
DT-IT-0081,impossible_travel,Closed - Benign,2026-09-06T03:00:42Z
DT-OC-0070,oauth_consent,Closed - Benign,2026-09-06T08:11:12Z
DT-IT-0085,impossible_travel,Closed - Benign,2026-09-06T08:49:14Z
DT-OC-0074,oauth_consent,FP,2026-09-06T09:17:27Z
DT-OC-0071,oauth_consent,Closed - Benign,2026-09-06T10:03:28Z
DT-IT-0082,impossible_travel,Closed - Benign,2026-09-06T11:44:01Z
DT-IT-0091,impossible_travel,Closed - Benign,2026-09-06T15:17:17Z
DT-OC-0075,oauth_consent,Closed - Benign,2026-09-06T15:20:52Z
DT-IT-0087,impossible_travel,Closed - Benign,2026-09-06T16:22:42Z
DT-OC-0073,oauth_consent,FP,2026-09-06T21:28:24Z
DT-IT-0090,impossible_travel,FP,2026-09-07T03:26:48Z
DT-OC-0078,oauth_consent,Closed - Benign,2026-09-07T04:44:41Z
DT-IT-0089,impossible_travel,FP,2026-09-07T04:58:29Z
DT-IT-0094,impossible_travel,Closed - Benign,2026-09-07T07:16:11Z
DT-IT-0092,impossible_travel,Closed - Benign,2026-09-07T10:28:57Z
DT-OC-0076,oauth_consent,Closed - Benign,2026-09-07T11:06:53Z
DT-OC-0081,oauth_consent,TP,2026-09-07T16:36:08Z
DT-IT-0093,impossible_travel,Closed - Benign,2026-09-07T19:06:06Z
DT-OC-0080,oauth_consent,Closed - Benign,2026-09-07T23:01:19Z
DT-OC-0077,oauth_consent,Closed - Benign,2026-09-07T23:15:13Z
DT-IT-0095,impossible_travel,Closed - Benign,2026-09-08T01:37:16Z
DT-OC-0082,oauth_consent,Closed - Benign,2026-09-08T04:34:20Z
DT-IT-0096,impossible_travel,Closed - Benign,2026-09-08T07:50:37Z
DT-OC-0079,oauth_consent,Closed - Benign,2026-09-08T15:14:18Z
DT-OC-0086,oauth_consent,Closed - Benign,2026-09-08T23:23:49Z
DT-OC-0085,oauth_consent,Closed - Benign,2026-09-08T23:38:42Z
DT-IT-0097,impossible_travel,FP,2026-09-09T07:58:01Z
DT-IT-0098,impossible_travel,Closed - Benign,2026-09-09T11:59:43Z
DT-OC-0083,oauth_consent,TP,2026-09-09T13:43:27Z
DT-OC-0084,oauth_consent,Closed - Benign,2026-09-09T23:26:19Z
DT-IT-0099,impossible_travel,Closed - Benign,2026-09-10T12:15:13Z
DT-OC-0087,oauth_consent,FP,2026-09-10T13:39:35Z
DT-OC-0088,oauth_consent,FP,2026-09-10T14:28:20Z
DT-IT-0101,impossible_travel,Closed - Benign,2026-09-11T02:02:46Z
DT-IT-0100,impossible_travel,FP,2026-09-11T05:17:21Z
DT-IT-0102,impossible_travel,Closed - Benign,2026-09-11T18:05:32Z
DT-OC-0089,oauth_consent,FP,2026-09-12T04:45:40Z
DT-OC-0093,oauth_consent,TP,2026-09-12T21:23:53Z
DT-OC-0090,oauth_consent,FP,2026-09-12T21:25:39Z
DT-OC-0091,oauth_consent,Closed - Benign,2026-09-12T22:12:45Z
DT-OC-0094,oauth_consent,FP,2026-09-13T04:47:02Z
DT-IT-0103,impossible_travel,Closed - Benign,2026-09-13T06:26:01Z
DT-OC-0092,oauth_consent,Closed - Benign,2026-09-13T10:33:04Z
DT-IT-0105,impossible_travel,FP,2026-09-13T15:12:38Z
DT-OC-0095,oauth_consent,FP,2026-09-14T01:55:42Z
DT-IT-0104,impossible_travel,Closed - Benign,2026-09-14T17:06:26Z
DT-IT-0106,impossible_travel,Closed - Benign,2026-09-15T05:38:47Z
